{"n_subscribers": [1, 2, 4, 8, 16, 32, 64, 128, 256], "min": [0.00419, 0.005353, 0.006476, 0.005827, 0.006723, 0.010188, 0.014892, 0.017952, 0.032174], "latency": [0.006309918000000022, 0.006757959000000014, 0.0077874495000000024, 0.009290948499999995, 0.013359619812500004, 0.019048607375000057, 0.03053030065624988, 0.05095973985156308, 0.09308616416142051], "max": [0.01344, 0.017996, 0.023535, 0.027272, 0.040875, 0.064291, 0.119782, 0.217688, 0.490903], "std": [0.00033146747041401655, 0.0006713653314842815, 0.000868090323324567, 0.0014174868059695462, 0.002491749052953556, 0.004044074980994816, 0.008152259410346013, 0.016254889495984463, 0.033619867178220894]}