{
    "std": [
        0.00033146747041401655, 
        0.00067136533148428148, 
        0.00086809032332456695, 
        0.0014174868059695462, 
        0.0024917490529535562, 
        0.0040440749809948157, 
        0.0081522594103460126, 
        0.016254889495984463, 
        0.033619867178220894
    ], 
    "latency": [
        0.006309918000000022, 
        0.0067579590000000139, 
        0.0077874495000000024, 
        0.0092909484999999948, 
        0.013359619812500004, 
        0.019048607375000057, 
        0.030530300656249881, 
        0.050959739851563081, 
        0.093086164161420515
    ], 
    "max": [
        0.013440000000000001, 
        0.017996000000000002, 
        0.023535, 
        0.027272000000000001, 
        0.040875000000000002, 
        0.064291000000000001, 
        0.119782, 
        0.21768799999999999, 
        0.49090299999999998
    ], 
    "min": [
        0.0041900000000000001, 
        0.0053530000000000001, 
        0.006476, 
        0.0058269999999999997, 
        0.0067229999999999998, 
        0.010187999999999999, 
        0.014892000000000001, 
        0.017951999999999999, 
        0.032174000000000001
    ], 
    "n_subscribers": [
        1, 
        2, 
        4, 
        8, 
        16, 
        32, 
        64, 
        128, 
        256
    ]
}